INSERT INTO "public".account_admin( id_account_admin, first_name, last_name, mail, phone_number, pwd ) VALUES ( 1, 'John', 'Doe', 'john@gmail.com', '+261 34 50 200 40', 'password123');
INSERT INTO "public".account_admin( id_account_admin, first_name, last_name, mail, phone_number, pwd ) VALUES ( 2, 'Jane', 'Smith', 'jane@gmail.com', '+261 33 80 741 51', 'password456');
INSERT INTO "public".account_admin( id_account_admin, first_name, last_name, mail, phone_number, pwd ) VALUES ( 3, 'Bob', 'Johnson', 'bob@gmail.com', '+261 32 87 540 52', 'password789');
INSERT INTO "public".category( id_category, category, subscribing_price, description ) VALUES ( 1, 'Foot à 11', 75000, 'Besoin de plus petit, Voir ici les terrains foot à 7');
INSERT INTO "public".category( id_category, category, subscribing_price, description ) VALUES ( 2, 'Basket', 20000, 'Besoin de plus petit, Voir ici les terrains foot à 7');
INSERT INTO "public".category( id_category, category, subscribing_price, description ) VALUES ( 3, 'Foot à 7', 50000, 'Besoin de plus petit, Voir ici les terrains foot à 7');
INSERT INTO "public".cin( id_cin, cin_number, first_picture, second_picture ) VALUES ( 1, '117 231 421 552', 'client1_cin_picture1.png', 'client1_cin_picture2.png');
INSERT INTO "public".cin( id_cin, cin_number, first_picture, second_picture ) VALUES ( 2, '224 005 317 251', 'client2_cin_picture1.png', 'client2_cin_picture2.png');
INSERT INTO "public".cin( id_cin, cin_number, first_picture, second_picture ) VALUES ( 3, '119 105 250 300', 'client3_cin_picture1.png', 'client3_cin_picture2.png');
INSERT INTO "public"."day"( id_day, "day" ) VALUES ( 1, 'Lundi');
INSERT INTO "public"."day"( id_day, "day" ) VALUES ( 2, 'Mardi');
INSERT INTO "public"."day"( id_day, "day" ) VALUES ( 3, 'Mercredi');
INSERT INTO "public"."day"( id_day, "day" ) VALUES ( 4, 'Jeudi');
INSERT INTO "public"."day"( id_day, "day" ) VALUES ( 5, 'Vendredi');
INSERT INTO "public"."day"( id_day, "day" ) VALUES ( 6, 'Samedi');
INSERT INTO "public"."day"( id_day, "day" ) VALUES ( 7, 'Dimanche');
INSERT INTO "public".field_type( id_field_type, field_type ) VALUES ( 1, 'Goudron');
INSERT INTO "public".field_type( id_field_type, field_type ) VALUES ( 2, 'Synthétique');
INSERT INTO "public".field_type( id_field_type, field_type ) VALUES ( 3, 'Gazon');
INSERT INTO "public".field_type( id_field_type, field_type ) VALUES ( 4, 'Terre');
INSERT INTO "public".field_type( id_field_type, field_type ) VALUES ( 5, 'Tapis');
INSERT INTO "public".field_type( id_field_type, field_type ) VALUES ( 6, 'Parquet');
INSERT INTO "public".infrastructure( id_infrastructure, infrastructure ) VALUES ( 1, 'Intérieur');
INSERT INTO "public".infrastructure( id_infrastructure, infrastructure ) VALUES ( 2, 'Extérieur');
INSERT INTO "public".light( id_light, light ) VALUES ( 1, 'Eclairé');
INSERT INTO "public".light( id_light, light ) VALUES ( 2, 'Non Eclairé');
INSERT INTO "public".status_client( id_status_client, status ) VALUES ( 1, 'Confirmé');
INSERT INTO "public".status_client( id_status_client, status ) VALUES ( 2, 'En attente');
INSERT INTO "public".subscription_state( id_subscription_state, subscription_state ) VALUES ( 1, 'Payer');
INSERT INTO "public".type_picture( id_type_picture, type_picture ) VALUES ( 1, 'Profil');
INSERT INTO "public".type_picture( id_type_picture, type_picture ) VALUES ( 2, 'Secondaire');
INSERT INTO "public".users(  first_name, last_name, birth_date, phone_number, mail, sign_up_date, pwd ) VALUES ( 1, 'Tiavina', 'Malalaniaina', '2004-07-08', '+261 32 66 131 80', 'tiavinaramia@gmail.com', '2023-06-08', 'tiavina');
INSERT INTO "public".users(  first_name, last_name, birth_date, phone_number, mail, sign_up_date, pwd ) VALUES ( 2, 'Maela', 'ANDRIAMAHERY', '1998-05-06', '+261 34 564 84', 'maela@gmail.com', '2023-06-10', 'MLLLLL');
INSERT INTO "public".client( id_client, first_name, last_name, phone_number, mail, address, birth_date, pwd, id_status, sign_up_date, id_cin ) VALUES ( 1, 'John', 'RAKOTOARISOA', '0321531728', 'john.rakoto@gmail.com', 'Antananarivo', '2000-11-24', 'john1234', 1, '2023-01-15 12:00:00 AM', 1);
INSERT INTO "public".client( id_client, first_name, last_name, phone_number, mail, address, birth_date, pwd, id_status, sign_up_date, id_cin ) VALUES ( 2, 'Andry', 'ANDRIAMAMITIANA', '0341451743', 'andry123@gmail.com', 'Lot 3 bis Iavoloha', '1987-01-12', 'andry-andry', 1, '2023-04-23 12:00:00 AM', 2);
INSERT INTO "public".client( id_client, first_name, last_name, phone_number, mail, address, birth_date, pwd, id_status, sign_up_date, id_cin ) VALUES ( 3, 'Fitia', 'MIAROTIA', '0331754393', 'fitiaMia@gmail.com', 'Lot IAV 416', '1998-07-05', 'fitia@@', 1, '2023-10-07 12:00:00 AM', 3);
INSERT INTO "public".field( id_field, id_category, id_client, name, id_field_type, id_infrastructure, id_light, description, address, latitude, longitude, insert_date, field_files ) VALUES ( 1, 2, 1, 'Basket Betongolo', 1, 2, 2, 'Terrain fait pour tous et libre a tous', 'Betongolo Antananarivo', -18.904924, 47.541774, '2023-02-20', 'Field_Files/1/Proprio.zip');
INSERT INTO "public".field( id_field, id_category, id_client, name, id_field_type, id_infrastructure, id_light, description, address, latitude, longitude, insert_date, field_files ) VALUES ( 2, 2, 2, 'Terrain Antsahamasina', 1, 2, 2, 'Terrain approprier au entrainement de club', '3FW9+J8M, Antananarivo', -18.903418, 47.468301, '2023-01-14', 'Field_Files/2/Proprio.zip');
INSERT INTO "public".field( id_field, id_category, id_client, name, id_field_type, id_infrastructure, id_light, description, address, latitude, longitude, insert_date, field_files ) VALUES ( 3, 3, 2, 'Foot Elgeco plus', 1, 2, 2, 'Terrain synthetique et bien eclaire pour vous', '3FW9+J8M, Antananarivo', -18.904924, 47.541774, '2023-01-09', 'Field_Files/3/Proprio.zip');
INSERT INTO "public".field( id_field, id_category, id_client, name, id_field_type, id_infrastructure, id_light, description, address, latitude, longitude, insert_date, field_files ) VALUES ( 4, 1, 3, 'Foot Domaine Alasora', 1, 2, 2, 'Terrain approprier au entrainement de club', '3FW9+J8M, Antananarivo', -18.904924, 47.541774, '2023-03-27', 'Field_Files/4/Proprio.zip');
INSERT INTO "public".picture( id_picture, picture, id_type_picture, id_field ) VALUES ( 1, 'Terrain1.jpg', 1, 1);
INSERT INTO "public".picture( id_picture, picture, id_type_picture, id_field ) VALUES ( 2, 'Terrain2.jpg', 1, 2);
INSERT INTO "public".picture( id_picture, picture, id_type_picture, id_field ) VALUES ( 3, 'Terrain3.jpg', 2, 3);
INSERT INTO "public".picture( id_picture, picture, id_type_picture, id_field ) VALUES ( 4, 'Terrain4.jpg', 2, 4);
INSERT INTO "public".reservation( id_reservation, reservation_date, id_users, start_time, id_field, duration ) VALUES ( 6, '2023-06-20', 1, '09:00:00', 1, 2);
INSERT INTO "public".reservation( id_reservation, reservation_date, id_users, start_time, id_field, duration ) VALUES ( 7, '2023-05-20', 1, '09:00:00', 1, 2);
INSERT INTO "public".reservation( id_reservation, reservation_date, id_users, start_time, id_field, duration ) VALUES ( 9, '2023-06-20', 2, '11:00:00', 1, 3);
INSERT INTO "public".reservation( id_reservation, reservation_date, id_users, start_time, id_field, duration ) VALUES ( 10, '2023-06-10', 1, '10:00:00', 1, 5);
INSERT INTO "public".reservation( id_reservation, reservation_date, id_users, start_time, id_field, duration ) VALUES ( 11, '2023-06-14', 1, '14:00:00', 1, 5);
INSERT INTO "public".reservation( id_reservation, reservation_date, id_users, start_time, id_field, duration ) VALUES ( 12, '2023-06-15', 1, '06:00:00', 1, 1);
INSERT INTO "public".reservation( id_reservation, reservation_date, id_users, start_time, id_field, duration ) VALUES ( 13, '2023-06-16', 1, '15:00:00', 1, 2);
INSERT INTO "public".reservation( id_reservation, reservation_date, id_users, start_time, id_field, duration ) VALUES ( 14, '2023-06-21', 1, '05:00:00', 1, 2);
INSERT INTO "public".reservation( id_reservation, reservation_date, id_users, start_time, id_field, duration ) VALUES ( 15, '2023-06-18', 1, '10:00:00', 1, 3);
INSERT INTO "public".reservation( id_reservation, reservation_date, id_users, start_time, id_field, duration ) VALUES ( 16, '2023-06-18', 2, '10:00:00', 1, 5);
INSERT INTO "public".reservation( id_reservation, reservation_date, id_users, start_time, id_field, duration ) VALUES ( 17, '2023-06-21', 2, '10:00:00', 3, 5);
INSERT INTO "public".reservation( id_reservation, reservation_date, id_users, start_time, id_field, duration ) VALUES ( 18, '2023-06-21', 2, '10:00:00', 4, 2);
INSERT INTO "public".reservation( id_reservation, reservation_date, id_users, start_time, id_field, duration ) VALUES ( 19, '2023-06-22', 2, '10:00:00', 1, 2);
INSERT INTO "public".reservation( id_reservation, reservation_date, id_users, start_time, id_field, duration ) VALUES ( 20, '2023-06-28', 1, '10:00:00', 3, 5);
INSERT INTO "public".reservation( id_reservation, reservation_date, id_users, start_time, id_field, duration ) VALUES ( 21, '2023-06-30', 1, '10:00:00', 1, 5);
INSERT INTO "public".reservation( id_reservation, reservation_date, id_users, start_time, id_field, duration ) VALUES ( 22, '2023-06-30', 1, '16:00:00', 1, 2);
INSERT INTO "public".reservation( id_reservation, reservation_date, id_users, start_time, id_field, duration ) VALUES ( 23, '2023-07-01', 1, '10:00:00', 4, 2);
INSERT INTO "public".reservation( id_reservation, reservation_date, id_users, start_time, id_field, duration ) VALUES ( 24, '2023-06-30', 2, '10:00:00', 1, 2);
INSERT INTO "public".reservation( id_reservation, reservation_date, id_users, start_time, id_field, duration ) VALUES ( 25, '2023-07-03', 2, '05:00:00', 3, 2);
INSERT INTO "public".reservation( id_reservation, reservation_date, id_users, start_time, id_field, duration ) VALUES ( 26, '2023-06-30', 2, '10:00:00', 3, 2);
INSERT INTO "public".subscription( id_subscription, id_field, subscription_date, start_date, duration, id_subscription_state ) VALUES ( 1, 1, '2023-06-07', '2023-06-06', 1, 1);
INSERT INTO "public".subscription( id_subscription, id_field, subscription_date, start_date, duration, id_subscription_state ) VALUES ( 2, 2, '2023-06-07', '2023-06-06', 2, 1);
INSERT INTO "public".subscription( id_subscription, id_field, subscription_date, start_date, duration, id_subscription_state ) VALUES ( 3, 3, '2023-06-07', '2023-06-06', 1, 1);
INSERT INTO "public".subscription( id_subscription, id_field, subscription_date, start_date, duration, id_subscription_state ) VALUES ( 4, 4, '2023-06-07', '2023-06-06', 1, 1);
INSERT INTO "public".unavailability( id_unavailability, id_field, unavailability_date, start_time, end_time ) VALUES ( 1, 1, '2023-03-07', '14:00:00', '16:00:00');
INSERT INTO "public".unavailability( id_unavailability, id_field, unavailability_date, start_time, end_time ) VALUES ( 3, 3, '2023-03-07', '14:00:00', '16:00:00');
INSERT INTO "public".direct_reservation( id_direct_reservation, client_name, phone_number_client, reservation_date, start_time, id_field, duration ) VALUES ( 1, 'Feno', '0331854735', '2023-06-12', '08:00:00', 1, 1);
INSERT INTO "public".direct_reservation( id_direct_reservation, client_name, phone_number_client, reservation_date, start_time, id_field, duration ) VALUES ( 2, 'Zoky andry', '0328254518', '2023-06-10', '18:30:00', 1, 3);
INSERT INTO "public".direct_reservation( id_direct_reservation, client_name, phone_number_client, reservation_date, start_time, id_field, duration ) VALUES ( 3, 'Tiavina', '+261 32 66 131 80', '2023-06-21', '10:00:00', 4, 2);
INSERT INTO "public".discount( id_discount, id_field, "start", "end", discount ) VALUES ( 1, 1, '2023-06-06', '2023-06-10', 20);
INSERT INTO "public".discount( id_discount, id_field, "start", "end", discount ) VALUES ( 2, 4, '2023-06-16', '2023-06-20', 10);
INSERT INTO "public".dispo_and_price( id_dispo_and_price, id_day, start_time, end_time, id_field, price ) VALUES ( 1, 1, '08:00:00', '19:00:00', 1, 30000);
INSERT INTO "public".dispo_and_price( id_dispo_and_price, id_day, start_time, end_time, id_field, price ) VALUES ( 2, 2, '08:00:00', '19:00:00', 1, 30000);
INSERT INTO "public".dispo_and_price( id_dispo_and_price, id_day, start_time, end_time, id_field, price ) VALUES ( 3, 3, '08:00:00', '19:00:00', 1, 30000);
INSERT INTO "public".dispo_and_price( id_dispo_and_price, id_day, start_time, end_time, id_field, price ) VALUES ( 4, 4, '08:00:00', '19:00:00', 1, 30000);
INSERT INTO "public".dispo_and_price( id_dispo_and_price, id_day, start_time, end_time, id_field, price ) VALUES ( 5, 5, '08:00:00', '19:00:00', 1, 30000);
INSERT INTO "public".dispo_and_price( id_dispo_and_price, id_day, start_time, end_time, id_field, price ) VALUES ( 6, 3, '12:00:00', '19:30:00', 2, 28000);
INSERT INTO "public".dispo_and_price( id_dispo_and_price, id_day, start_time, end_time, id_field, price ) VALUES ( 7, 5, '08:00:00', '19:00:00', 2, 28000);
INSERT INTO "public".dispo_and_price( id_dispo_and_price, id_day, start_time, end_time, id_field, price ) VALUES ( 8, 6, '08:00:00', '20:00:00', 2, 30000);
INSERT INTO "public".dispo_and_price( id_dispo_and_price, id_day, start_time, end_time, id_field, price ) VALUES ( 9, 7, '14:00:00', '18:00:00', 2, 35000);
INSERT INTO "public".dispo_and_price( id_dispo_and_price, id_day, start_time, end_time, id_field, price ) VALUES ( 10, 1, '09:00:00', '12:00:00', 3, 50000);
INSERT INTO "public".dispo_and_price( id_dispo_and_price, id_day, start_time, end_time, id_field, price ) VALUES ( 11, 2, '08:00:00', '18:00:00', 3, 50000);
INSERT INTO "public".dispo_and_price( id_dispo_and_price, id_day, start_time, end_time, id_field, price ) VALUES ( 12, 3, '08:00:00', '12:00:00', 3, 50000);
INSERT INTO "public".dispo_and_price( id_dispo_and_price, id_day, start_time, end_time, id_field, price ) VALUES ( 13, 3, '12:00:00', '20:00:00', 3, 65000);
INSERT INTO "public".dispo_and_price( id_dispo_and_price, id_day, start_time, end_time, id_field, price ) VALUES ( 14, 4, '08:00:00', '19:00:00', 3, 60000);
INSERT INTO "public".dispo_and_price( id_dispo_and_price, id_day, start_time, end_time, id_field, price ) VALUES ( 15, 5, '08:00:00', '18:00:00', 3, 60000);
INSERT INTO "public".dispo_and_price( id_dispo_and_price, id_day, start_time, end_time, id_field, price ) VALUES ( 16, 5, '18:00:01', '22:00:00', 3, 80000);
INSERT INTO "public".dispo_and_price( id_dispo_and_price, id_day, start_time, end_time, id_field, price ) VALUES ( 17, 6, '05:00:00', '18:00:00', 3, 60000);
INSERT INTO "public".dispo_and_price( id_dispo_and_price, id_day, start_time, end_time, id_field, price ) VALUES ( 18, 6, '18:00:01', '22:00:00', 3, 65000);
INSERT INTO "public".dispo_and_price( id_dispo_and_price, id_day, start_time, end_time, id_field, price ) VALUES ( 19, 7, '14:00:00', '18:00:00', 3, 60000);
INSERT INTO "public".dispo_and_price( id_dispo_and_price, id_day, start_time, end_time, id_field, price ) VALUES ( 20, 1, '08:00:00', '18:00:00', 4, 40000);
INSERT INTO "public".dispo_and_price( id_dispo_and_price, id_day, start_time, end_time, id_field, price ) VALUES ( 21, 2, '08:00:00', '18:00:00', 4, 40000);
INSERT INTO "public".dispo_and_price( id_dispo_and_price, id_day, start_time, end_time, id_field, price ) VALUES ( 22, 3, '08:00:00', '18:00:00', 4, 40000);
INSERT INTO "public".dispo_and_price( id_dispo_and_price, id_day, start_time, end_time, id_field, price ) VALUES ( 23, 5, '08:00:00', '19:00:00', 4, 50000);
INSERT INTO "public".dispo_and_price( id_dispo_and_price, id_day, start_time, end_time, id_field, price ) VALUES ( 24, 6, '05:00:00', '20:00:00', 4, 50000);
INSERT INTO "public".dispo_and_price( id_dispo_and_price, id_day, start_time, end_time, id_field, price ) VALUES ( 25, 1, '20:00:00', '23:00:00', 1, 50000);
